"Avg_mode_power","Screen_Size_Extracted"
14.83,"24"
79.65,"58"
78.97,"55"
83,"50"
260.42,"75"
72,"500"
28,"320"
117,"60"
308,"65"
308,"65"
308,"65"
440,"85"
440,"85"
440,"85"
396,"85"
396,"85"
396,"85"
297,"65"
297,"65"
297,"65"
132,"55"
132,"55"
132,"55"
148,"55"
148,"55"
148,"55"
192,"85"
192,"85"
192,"85"
165,"75"
165,"75"
165,"75"
108,"50"
108,"50"
108,"50"
198,"75"
198,"75"
198,"75"
69,"43"
69,"43"
69,"43"
91,"50"
91,"50"
91,"50"
84,"55"
84,"55"
84,"55"
94,"58"
94,"58"
94,"58"
116,"65"
116,"65"
116,"65"
143,"75"
143,"75"
143,"75"
93.528,"652"
77.2,"55"
105.75,"65"
196.41,"75"
46.6,"42"
132.4,"65"
104,"65"
412,"85"
93.528,"65"
203,"65"
203,"65"
203,"65"
91,"50"
91,"50"
91,"50"
129.96,"65"
26,"323"
76.37,"58"
58,"437"
105.8,"587"
134.4,"657"
106,"55"
125,"65"
200,"83"
200,"83"
258,"85"
258,"85"
258,"85"
99.75,"70"
70,"43"
70,"43"
70,"43"
76,"48"
76,"48"
80.2,"55"
80.2,"55"
80.2,"55"
80.2,"55"
80.2,"55"
80.2,"55"
128,"50"
91.4,"65"
91.4,"65"
91.4,"65"
91.4,"65"
91.4,"65"
91.4,"65"
91.4,"65"
69,"43"
91,"50"
201.04,"75"
84,"55"
116,"65"
143,"75"
201.04,"75"
98.85,"580"
117,"65"
117,"65"
117,"65"
155,"75"
155,"75"
155,"75"
78.8,"55"
78.8,"43"
118.7,"55"
147.1,"65"
239.8,"85"
107.54,"65"
61.76,"50"
75.31,"55"
151.11,"316"
205.62,"55"
168.2,"82"
135.48,"70"
25.93,"32"
96.71,"55"
203.37,"311"
247,"75"
350,"86"
162,"75"
95.2,"50"
134.4,"65"
78.8,"55"
78.8,"55"
78.8,"55"
214.72,"86"
214.72,"86"
125.66,"75"
214.72,"86"
214.72,"86"
214.72,"86"
173,"65"
206,"75"
221,"85"
106.5,"58"
212,"86"
251.06,"65"
77,"50"
77,"50"
171,"75"
80.2,"55"
220,"65"
220,"65"
220,"65"
242,"75"
242,"75"
242,"75"
192,"75"
173.3,"75"
57,"55"
70.4,"65"
111.93,"55"
151.23,"65"
22,"24"
284.19,"75"
72,"50"
95,"55"
138,"65"
119.45,"65"
57.75,"43"
153,"70"
33,"32"
31.27,"40"
227.42,"85"
191.4,"75"
28,"32"
28,"32"
228.29,"85"
56.97,"507"
25.21,"32"
25.21,"32"
25.21,"32"
25.21,"32"
59.24,"43"
59.24,"43"
59.24,"43"
59.24,"43"
38.82,"40"
38.82,"40"
38.82,"40"
38.82,"40"
63.94,"557"
14.61,"19"
14.61,"19"
79,"43"
95,"50"
113,"55"
156,"65"
180,"75"
241,"86"
135,"65"
66.16,"50"
63.45,"43"
81.49,"55"
107.27,"65"
106.5,"58"
93.82,"50"
120,"65"
164,"65"
220,"65"
106.97,"75"
91.7,"657"
149.34,"70"
305.2,"85"
78.3,"50"
102.9,"58"
125,"65"
125,"65"
140.1,"70"
169.86,"75"
104.9,"55"
115.41,"58"
93.82,"50"
198,"55"
43,"42"
28,"32"
122.59,"65"
178,"70"
157.82,"70"
128.8,"60"
33.52,"32"
28,"32"
65,"43"
95.274,"65"
225,"85"
225,"85"
270.3,"85"
84,"55"
104,"65"
195,"75"
69,"43"
78,"50"
194.11,"65"
16.1448,"19"
88,"55"
88,"55"
117,"65"
117,"65"
155,"75"
155,"75"
176,"85"
176,"85"
82,"50"
72,"43"
131.33,"75"
50.909,"43"
106.02,"55"
76.37,"582"
47.72,"42"
92.33,"55"
92.33,"55"
92.33,"55"
172.02,"85"
135,"70"
135,"70"
135,"70"
75.43,"50"
75.43,"50"
75.43,"50"
139.4,"65"
103.3,"55"
59,"40"
104.9,"55"
17.38,"24"
43.23,"43"
47.37,"49"
54.84,"55"
131.3,"65"
140.3,"55"
105.8,"58"
82.7,"50"
308,"98"
308,"98"
106.97,"752"
103.48,"55"
132.81,"65"
100.2,"702"
127.8,"65"
18,"24"
21.96,"240"
138,"60"
18,"24"
67.65,"50"
80.04,"58"
167.08,"75"
126,"75"
105.8,"58"
152.07,"65"
106.02,"70"
78,"50"
80,"55"
115,"65"
140,"75"
92.8,"50"
41.38,"42"
93.12,"50"
93.12,"50"
146.3,"70"
146.3,"70"
128.4,"65"
128.4,"65"
94.22,"55"
94.22,"55"
64,"43"
25.92,"32"
17.74,"24"
108.56,"65"
108.56,"65"
208.8,"75"
51.04,"43"
51.04,"43"
111.72,"75"
105.46,"55"
105.46,"55"
95.274,"652"
62.33,"50"
62.33,"50"
94.45,"65"
94.45,"65"
70.66,"55"
70.66,"55"
105.9,"55"
126.93,"650"
25.5,"322"
140,"55"
140,"55"
205,"65"
205,"65"
237,"75"
28.33,"32"
38.85,"43"
28.1,"192"
113,"55"
148,"55"
148,"55"
47.3,"40"
169.26,"75"
169.26,"75"
65,"43"
180,"65"
180,"65"
69,"43"
91,"55"
85,"50"
116,"65"
154,"75"
71,"50"
36.4,"43"
36.4,"43"
36.4,"43"
92.8,"50"
66.49,"45"
35.8,"400"
182,"75"
53.2,"43"
64.01,"50"
109.86,"75"
195,"75"
195,"75"
72.81,"58"
94.36,"65"
18.4,"24"
20.12,"240"
77,"55"
138,"75"
16.1569,"185"
120,"65"
156,"65"
100.64,"65"
103.61,"55"
98.45,"55"
109.48,"65"
78,"50"
101,"55"
118,"65"
40,"40"
40,"40"
95.274,"652"
95.274,"65"
15.12,"19"
32.7,"32"
70,"43"
84,"50"
57.6,"42"
100.2,"55"
47.23,"43"
47.23,"43"
47.23,"43"
47.23,"43"
50.6,"50"
50.6,"50"
50.6,"50"
50.6,"50"
50.6,"50"
53.64,"55"
53.64,"55"
53.64,"55"
53.64,"55"
65.21,"58"
65.21,"58"
65.21,"58"
65.21,"58"
65.21,"58"
74.9,"58"
53.64,"55"
27.42,"32"
34.7,"32"
46.99,"42"
46.11,"50"
57.97,"55"
100.78,"65"
153.24,"75"
47.23,"43"
161.64,"75"
34.52,"40"
34.52,"40"
34.52,"40"
34.52,"40"
34.52,"40"
115,"55"
144,"65"
34.52,"40"
34.52,"40"
113,"65"
51.49,"430"
227.32,"75"
120,"65"
158,"75"
158,"75"
184,"86"
184,"86"
76,"48"
86,"55"
86,"55"
102,"55"
95,"55"
95,"55"
107,"65"
107,"65"
126,"65"
112,"65"
112,"65"
140,"77"
140,"77"
179,"83"
179,"83"
42.3,"42"
160,"65"
63,"42"
63,"42"
77,"48"
77,"48"
75,"43"
75,"43"
77,"43"
90,"50"
90,"50"
80,"50"
80,"50"
78,"50"
114,"55"
114,"55"
94,"55"
94,"55"
98,"55"
144,"65"
144,"65"
118,"65"
118,"65"
148,"65"
181,"75"
181,"75"
134,"75"
134,"75"
172,"75"
250,"86"
250,"86"
250,"86"
214.72,"86"
114,"55"
114,"55"
114,"55"
157,"75"
157,"75"
157,"75"
202,"85"
202,"85"
202,"85"
104,"60"
119,"65"
119,"65"
119,"65"
119,"65"
167,"75"
167,"75"
167,"75"
212,"75"
212,"75"
212,"75"
105.9,"55"
75,"43"
75,"43"
90,"50"
90,"50"
97,"55"
114,"55"
114,"55"
148,"65"
165,"75"
165,"75"
198,"86"
198,"86"
27.2,"32"
178,"85"
178,"85"
178,"85"
73,"43"
73,"43"
73,"43"
99.95,"65"
99.95,"65"
99.95,"65"
94,"50"
94,"50"
94,"50"
94,"50"
113,"55"
113,"55"
113,"55"
113,"55"
150,"65"
150,"65"
150,"65"
173,"75"
173,"75"
173,"75"
223,"85"
223,"85"
223,"85"
73,"43"
306,"65"
306,"65"
306,"65"
24.2,"240"
112,"50"
112,"50"
112,"50"
245,"75"
245,"75"
245,"75"
145,"65"
95,"55"
95,"55"
152,"77"
152,"77"
109,"65"
109,"65"
126,"77"
339,"75"
339,"75"
339,"75"
389,"85"
389,"85"
389,"85"
162,"55"
162,"55"
162,"55"
304,"85"
304,"85"
304,"85"
99,"43"
99,"43"
99,"43"
96,"50"
96,"50"
96,"50"
140,"55"
140,"55"
140,"55"
136,"55"
136,"55"
136,"55"
158,"65"
158,"65"
158,"65"
158,"65"
158,"65"
158,"65"
195,"75"
195,"75"
195,"75"
250,"85"
250,"85"
250,"85"
78,"43"
93,"50"
169,"75"
250,"86"
28.2,"40"
115.1,"550"
129.6,"65"
101.4,"55"
235.8,"85"
126.2,"55"
191.3,"75"
260.1,"85"
310,"65"
310,"65"
310,"65"
439,"85"
439,"85"
439,"85"
147.6,"65"
395,"75"
395,"75"
395,"75"
92,"43"
92,"43"
92,"43"
203,"65"
203,"65"
203,"65"
213,"65"
213,"65"
213,"65"
195,"85"
195,"85"
195,"85"
206,"65"
206,"65"
206,"65"
173,"55"
173,"55"
173,"55"
223,"55"
267,"75"
267,"75"
267,"75"
337,"85"
337,"85"
337,"85"
245,"65"
245,"65"
245,"65"
134,"65"
134,"65"
116,"55"
116,"55"
28.58,"24"
103.7,"55"
24.61,"32"
121.1,"65"
169.7,"77"
198.1,"75"
149.8,"65"
73,"43"
75,"50"
93,"50"
114,"55"
114,"65"
152,"65"
212,"65"
212,"65"
127,"65"
126,"75"
232,"75"
232,"75"
165,"75"
328,"86"
328,"86"
262,"77"
320,"88"
320,"88"
50.6,"500"
116,"55"
116,"55"
134,"65"
134,"65"
138,"50"
273,"75"
273,"75"
273,"75"
82,"43"
82,"43"
82,"43"
82,"43"
96,"50"
68,"43"
79,"50"
158,"55"
158,"55"
158,"55"
86,"55"
114,"65"
157,"75"
126.7,"55"
87,"55"
87,"55"
87,"55"
87,"55"
70,"43"
70,"43"
70,"43"
80,"50"
80,"50"
80,"50"
183,"75"
183,"75"
183,"75"
183,"75"
183,"75"
117,"65"
117,"65"
117,"65"
117,"65"
117,"65"
152,"65"
172,"75"
250,"86"
54.8,"502"
22,"240"
25.92,"400"
226,"65"
242,"75"
292,"85"
181,"83"
181,"83"
136,"65"
83,"43"
83,"43"
83,"43"
83,"43"
90,"50"
75,"49"
77,"55"
87,"65"
140,"75"
81,"55"
87,"65"
69.6,"552"
35,"40"
87.3,"55"
115,"55"
145,"65"
171,"75"
20.2,"24"
159.1,"85"
84,"48"
93.6,"50"
136.6,"55"
179.5,"65"
224.4,"75"
237.7,"85"
189.3,"75"
93,"65"
159.1,"852"
63.94,"55"
159.1,"85"
77,"50"
146,"75"
156,"65"
28,"32"
39,"32"
39,"32"
39,"32"
39,"32"
76.9,"43"
24.01,"240"
102,"55"
102,"55"
132,"65"
132,"65"
160,"75"
160,"75"
206,"86"
206,"86"
68,"42"
24.37,"240"
39.33,"325"
122,"58"
18,"24"
18,"242"
50.6,"50"
53.64,"55"
22,"24"
35,"32"
50,"40"
137.7,"65"
49.98,"43"
134.4,"65"
53.5,"43"
76,"50"
75.2,"55"
99,"65"
119.8,"75"
28,"32"
86.3,"50"
126,"65"
126,"65"
126,"65"
126,"65"
126,"65"
126,"65"
126,"65"
182.3,"70"
182.3,"70"
182.3,"70"
182.3,"70"
182.3,"70"
182.3,"70"
15.8694,"19"
22.3,"24"
22.3,"24"
22.3,"24"
22.3,"24"
22.3,"236"
22.3,"24"
59.7,"50"
74.3,"55"
108.5,"65"
165.5,"75"
139.5,"55"
175.3,"65"
281,"75"
59.7,"50"
155,"65"
155,"65"
155,"65"
107.4,"70"
142,"55"
142,"55"
142,"55"
72,"50"
95,"55"
113,"55"
156,"65"
15.85,"24"
77,"48"
16.1569,
96,"55"
125,"65"
95,"55"
121,"65"
107,"55"
133,"65"
187,"77"
51,"40"
65,"43"
138,"65"
83,"55"
102.1,"55"
116.25,"65"
116.25,"65"
81.32,"50"
81.32,"50"
114.36,"75"
29.57,"32"
29.57,"32"
29.57,"32"
29.57,"32"
29.57,"32"
29.57,"32"
29.57,"32"
35.18,"40"
35.18,"40"
35.18,"40"
35.18,"40"
35.18,"40"
35.18,"40"
35.18,"40"
35.97,"43"
35.97,"43"
35.97,"43"
35.97,"43"
35.97,"43"
35.97,"43"
35.97,"43"
188.97,"750"
76.044,"55"
31.814,"32"
126,"58"
59.47,"50"
35.4,"320"
198,"65"
94,"50"
113,"55"
94.43,"55"
94.43,"55"
73,"43"
119,"65"
157,"75"
79.33,"58"
51.12,"43"
67.75,"50"
63.89,"55"
82.49,"65"
61.3,"50"
61.3,"50"
127.69,"75"
127.69,"75"
180.5,"85"
223.7,"85"
72.57,"55"
72.57,"55"
77,"43"
93,"50"
114,"55"
145,"65"
165,"75"
63,"42"
63,"42"
77,"48"
77,"48"
95,"55"
95,"55"
16.3,"24"
16.3,"24"
16.3,"24"
16.3,"24"
16.3,"24"
16.3,"24"
93.43,"65"
56,"43"
64.17,"50"
93.65,"65"
77.67,"55"
118.27,"75"
56,"43"
80.28,"50"
120.81,"65"
160.49,"75"
77,"50"
18,"242"
18,"242"
18,"242"
200.76,"85"
23.798,"322"
25.8,"32"
32,"39"
32,"39"
32,"39"
32,"39"
32,"39"
32,"39"
78,"50"
80,"55"
115,"65"
35.9,"40"
35.9,"40"
35.9,"40"
35.9,"40"
35.9,"40"
35.9,"40"
140,"75"
38.3,"42"
38.3,"42"
38.3,"42"
38.3,"42"
38.3,"42"
38.3,"42"
39.5,"43"
39.5,"43"
39.5,"43"
39.5,"43"
39.5,"43"
39.5,"43"
171.2,"65"
201,"75"
127.7,"75"
270,"860"
92.3,"55"
92.3,"55"
115.68,"65"
115.68,"65"
148.69,"75"
148.69,"75"
214.94,"85"
214.94,"85"
25.32,"32"
32.9,"40"
438,"98"
438,"98"
438,"98"
92.3,"55"
115.68,"65"
148.69,"75"
214.94,"85"
70,"43"
80,"50"
87,"55"
117,"65"
183,"75"
40,"40"
40,"40"
97.96,"55"
35.47,"32"
50.44,"43"
34.7106,"40"
34.7106,"40"
102,"55"
102,"55"
126,"65"
126,"65"
156,"77"
156,"77"
63,"42"
63,"42"
73,"50"
94,"55"
114,"65"
130,"75"
100.2,"55"
35.2,"32"
105.46,"55"
180,"65"
128.4,"65"
146.3,"70"
205.62,"55"
251.06,"65"
50.6,"50"
53.64,"55"
99.95,"65"
26.4498,"32"
26.4498,"32"
17.1498,"24"
17.1498,"24"
219,"97"
219,"97"
17.74,"185"
17.74,"185"
24.81,"215"
24.81,"215"
26.67,"238"
26.67,"238"
97.8,"70"
93.324,"550"
115.84,"55"
115.84,"55"
159.55,"65"
159.55,"65"
25.8,"32"
35.9,"40"
106.68,"55"
24.81,"215"
98.268,"227"
31.9,"323"
31.9,"32"
115.84,"55"
36.7,"40"
124.968,"657"
124.968,"65"
102,"557"
102,"55"
102,
73,"437"
159.55,"65"
14,"24"
214.416,"98"
59.7,"502"
50.5,"400"
30,"32"
228.91,"75"
124.968,"650"
53.64,"55"
70,"55"
87,"65"
72.1,"22"
94.8,"22"
36.27,"40"
90.1,"55"
113.4,"65"
243.11,"75"
78.58,"55"
92.33,"65"
168.67,"65"
108.3,"65"
256.93,"98"
256.93,"98"
256.93,"98"
170.6,"82"
38.46,"32"
38.46,
31.98,"24"
175.6,"22"
128.1,"22"
90.1,"55"
113.4,"65"
49.7,"65"
41.8,"55"
75,"43"
90,"50"
114,"55"
148,"65"
165,"75"
250,"86"
46.6632,"43"
62.5,"55"
53.8,"50"
80.7,"60"
25,"240"
32.18,"32"
32.18,"320"
32.18,"320"
32.18,"320"
32.18,"320"
32.18,"320"
28.2,"32"
133,"75"
28,"32"
56.1,"58"
74.7,"502"
73.9,"552"
114.8,"652"
175.4,"752"
237.5,"518"
108.1,"75"
259.3,"750"
30.28,"24"
30.28,"240"
30.28,"240"
30.28,"240"
30.28,"240"
30.28,"240"
171.7,"70"
189.9,"700"
221.6,"75"
47.02,"400"
32.18,"32"
30.28,"24"
106.2,"58"
101.98,"507"
60.73,"50"
82.7,"50"
24.687,"32"
144.2,"70"
159,"85"
266,"85"
266,"85"
266,"85"
266,"85"
45.5,"43"
72.4,"55"
19.6,"242"
19.6,"242"
19.6,"242"
96.3,
96.3,"65"
96.3,"65"
126.2,"55"
147.6,"65"
39.9,"40"
75,"50"
75,"50"
75,"50"
75,"50"
158,"65"
158,"65"
158,"65"
158,"65"
182,"75"
182,"75"
182,"75"
182,"75"
92,"55"
92,"55"
92,"55"
92,"55"
110,"65"
110,"65"
110,"65"
110,"65"
110,"65"
29.05,"24"
25.84,"24"
25.84,"24"
27.1,"322"
95.274,"65"
103.7,"55"
121.1,"65"
56.7,"50"
68.5,"55"
22.2,"24"
108.1,"752"
104,"50"
104,"50"
104,"50"
104,"50"
15.1,"24"
23.5,"32"
31.78,"32"
44.6,"43"
68.98,"55"
33,"32"
15.1,"24"
23.5,"32"
23.5,"32"
44.2,"42"
33.3,"32"
33.3,"32"
33.3,"32"
56.7,"502"
44.2,"42"
44.2,"42"
44.2,"42"
44.2,"42"
33.3,"24"
169.7,"77"
55,"43"
55,"43"
55,"43"
55,"43"
55,"43"
23.8,"322"
29.15,"32"
53,"42"
84.4,"50"
123.94,"70"
54.04,"430"
69.64,"55"
127.7,"75"
114,"65"
96.5,"55"
74.4,"48"
86.04,"500"
71.99,"50"
86.54,"55"
41.8,"55"
137,"60"
56.7,"50"
108.1,"75"
44.99,"40"
31.1544,"32"
228,"85"
121,"55"
144.3,"65"
63,"42"
63,"42"
75,"48"
75,"48"
77,"48"
77,"48"
84,"55"
84,"55"
99,"55"
99,"55"
95,"55"
95,"55"
115,"55"
115,"55"
103,"65"
103,"65"
121,"65"
121,"65"
112,"65"
112,"65"
145,"65"
145,"65"
158,"77"
158,"77"
153,"77"
153,"77"
196,"77"
196,"77"
238,"77"
179,"83"
179,"83"
181,"83"
181,"83"
187.9,"75"
238.7,"85"
107,"65"
107,"65"
107,"65"
107,"65"
75.58,"55"
148.05,"65"
76,"50"
76,"50"
76,"50"
80,"50"
80,"50"
94,"55"
94,"55"
118,"65"
118,"65"
134,"75"
134,"75"
198,"86"
198,"86"
70,"43"
70,"43"
70,"43"
87,"55"
87,"55"
87,"55"
87,"55"
94,"50"
94,"50"
94,"50"
113,"55"
113,"55"
113,"55"
107,"55"
144.6,"65"
73.254,"55"
173,"85"
173,"85"
173,"85"
155,"65"
155,"65"
155,"65"
186,"75"
186,"75"
186,"75"
49.7,"65"
73,"43"
73,"43"
78,"50"
78,"50"
97,"55"
97,"55"
127,"65"
127,"65"
165,"75"
250,"86"
36.7,"43"
43.1,"50"
16.17,"24"
70,"43"
70,"43"
70,"43"
159.3,"75"
110.448,"65"
137,"65"
137,"65"
137,"65"
153,"75"
153,"75"
153,"75"
70,"43"
70,"43"
70,"43"
70,"43"
89,"50"
89,"50"
89,"50"
89,"50"
98,"55"
98,"55"
98,"55"
98,"55"
123,"65"
123,"65"
123,"65"
123,"65"
70.2,"42"
158,"75"
158,"75"
158,"75"
245,"85"
245,"85"
245,"85"
112,"55"
112,"55"
112,"55"
43,"32"
112,"55"
112,"55"
112,"55"
206,"85"
206,"85"
206,"85"
263,"65"
263,"65"
263,"65"
292,"75"
292,"75"
292,"75"
165,"75"
165,"75"
165,"75"
216,"85"
216,"85"
216,"85"
153,"65"
153,"65"
153,"65"
203,"75"
203,"75"
203,"75"
259,"85"
259,"85"
259,"85"
114,"55"
114,"55"
114,"55"
145,"65"
145,"65"
145,"65"
340,"75"
340,"75"
340,"75"
190,"65"
373,"85"
373,"85"
373,"85"
73,"43"
78,"50"
97,"55"
127,"65"
155,"65"
155,"65"
155,"65"
93,"50"
214,"75"
303,"85"
303,"85"
303,"85"
280,"65"
280,"65"
280,"65"
94.65,"652"
28,"32"
28,"32"
28,"32"
194,"75"
194,"75"
194,"75"
247,"85"
247,"85"
247,"85"
183,"75"
183,"75"
183,"75"
183,"75"
168,"55"
165,"75"
68.5,"552"
214.5,"75"
207,"83"
40,"40"
27.1,"32"
337,"98"
143.934,"650"
91.788,"550"
86.21,"500"
28,"32"
125,"65"
125,"65"
150,"75"
150,"75"
206,"86"
206,"86"
129.1,"55"
143.6,"65"
181.1,"75"
73,"43"
78,"50"
97,"55"
127,"65"
165,"75"
165,"75"
250,"86"
250,"86"
280.7,"85"
214.8,"65"
242.5,"75"
113,"55"
113,"55"
77.5,"43"
93.8,"50"
113,"55"
154,"65"
154,"65"
154,"65"
53.5,"43"
24.1,"32"
201.6,"85"
63,"42"
101.3,"65"
68.5,"55"
47.2,"32"
47.2,"32"
47.2,"32"
60,"42"
78,"48"
99,"55"
124,"65"
98,"55"
124,"65"
198,"85"
198,"85"
198,"85"
113,"55"
113,"55"
113,"55"
155,"65"
155,"65"
155,"65"
220,"77"
220,"77"
220,"77"
174.7,"75"
145,"85"
39.9,"402"
113.8,"55"
278.5,"85"
152.2,"85"
248.6,"75"
68.4,"50"
54,"43"
128.1,"65"
123.8,"55"
182.7,"65"
208.3,"75"
256.4,"98"
48.68,"40"
74.74,"55"
78.5,"50"
55.635,"43"
34.67,"32"
440.5,"98"
101.1,"75"
45.5,"43"
110.15,"70"
23.298,"32"
35.598,"43"
35.1,"40"
349,"88"
349,"88"
183,"77"
96.1,"55"
101.3,"65"
101.3,"65"
101.3,"65"
101.3,"65"
27.25,"22"
40.45,"32"
81.3,"50"
90.5,"55"
119.3,"65"
24.687,"323"
103.6,"55"
122.1,"65"
15.8694,"19"
178,"77"
178,"77"
178,"77"
99.1,"50"
99.1,"50"
102.3,"55"
102.3,"55"
129.8,"65"
129.8,"65"
153.1,"75"
153.1,"75"
144.1,"75"
144.1,"75"
136.6,"55"
136.6,"55"
47.1,"43"
52.3,"50"
55.5,"55"
74.4,"65"
113.6,"75"
142.4,"65"
142.4,"65"
17.0946,"243"
58,"43"
48.19,"32"
147.7,"77"
73,"43"
73,"43"
78,"50"
78,"50"
97,"55"
97,"55"
127,"65"
127,"65"
165,"75"
165,"75"
250,"86"
250,"86"
51.12,"43"
67.75,"50"
63.89,"55"
82.49,"65"
114.36,"75"
56.7,"50"
106,"55"
132,"65"
102.36,"50"
15.1,"16"
125,"65"
150,"75"
206,"86"
113.9,"65"
70,"43"
82,"43"
72,"50"
68,"50"
92,"55"
87,"55"
114,"65"
109,"65"
126,"75"
130,"75"
337,"98"
99.5,"55"
99.5,"55"
114.8,"65"
114.8,"65"
28,"32"
28,"32"
28,"32"
28,"32"
28,"32"
40,"40"
40,"40"
40,"40"
40,"40"
40,"40"
64.97,"43"
64.97,"43"
77.8,"55"
77.8,"55"
102.3,"65"
102.3,"65"
127.12,"75"
127.12,"75"
177.41,"85"
177.41,"85"
77.8,"55"
64.97,"43"
102.3,"65"
127.12,"75"
177.41,"85"
107.8,"43"
168.3,"55"
237.1,"65"
17.8,"22"
21,"24"
65.8,"43"
65.8,"43"
65.8,"43"
34,"32"
34,"32"
34,"32"
84,"55"
68,"50"
306,"85"
70,"43"
70,"43"
70,"43"
81,"55"
81,"55"
81,"55"
139,"75"
139,"75"
139,"75"
116,"65"
116,"65"
116,"65"
80,"50"
80,"50"
80,"50"
90.1,"43"
90.1,"43"
90.1,"43"
90.1,"43"
90.1,"43"
102.9,"65"
102.9,"65"
102.9,"65"
102.9,"65"
102.9,"65"
50.73,"043"
64.71,"055"
35.3,"32"
97.8,"55"
174.4,"85"
389,"98"
76,"50"
31.4,"32"
35.6,"40"
27,"32"
216,"77"
212,"83"
258,"97"
53.5,"430"
137.1,"75"
137.1,"75"
137.1,"75"
137.1,"75"
137.1,"75"
25.58,"24"
80.814,"55"
80.814,"55"
80.814,"55"
80.814,"55"
80.814,"55"
323,"98"
323,"98"
323,"98"
323,"98"
323,"98"
75,"50"
75,"50"
75,"50"
75,"50"
75,"50"
43,"43"
45,"50"
59,"55"
65,"65"
70,"75"
82.05,"55"
82.05,"55"
109.65,"65"
109.65,"65"
157.47,"75"
157.47,"75"
217.19,"85"
217.19,"85"
82.05,"55"
109.65,"65"
157.47,"75"
217.19,"85"
41.53,"43"
22.6,"24"
77.8,"55"
77.8,"55"
77.8,"55"
77.8,"55"
77.8,"55"
69.15,"50"
69.15,"50"
69.15,"50"
69.15,"50"
69.15,"50"
115.82,"55"
129.47,"65"
199.04,"75"
82,"55"
130,"75"
130,"75"
130,"75"
25.2,"22"
25.2,"22"
25.2,"22"
25.2,"22"
74,"43"
25.2,"22"
83,"50"
90,"55"
78.5,"50"
16.5,"24"
20.3,"24"
20.3,"24"
20.3,"24"
178,"77"
25.03,"24"
43.25,"32"
144.63,"75"
117.13,"65"
86.66,"55"
25.7,"32"
82.7,"43"
27.7,"32"
46.8,"40"
137.7,"75"
289,"98"
289,"98"
289,"98"
76.53,"55"
91.87,"65"
107.18,"75"
51.44,"43"
51.44,"43"
51.44,"43"
51.44,"43"
145.2,"70"
22.8,"32"
29.07,"40"
133.75,"65"
133.75,"65"
161.33,"75"
161.33,"75"
133.75,"65"
161.33,"75"
27,"32"
35.6,"40"
50.3,"50"
53,"55"
52.9,"43"
69.9,"50"
82.3,"55"
86.5,"58"
158,"65"
95.274,"65"
66.6,"50"
101.3,"65"
110.3,"60"
110.3,"60"
110.3,"60"
44.91,"40"
44.91,"40"
40,"40"
40,"40"
40,"40"
40,"40"
40,"40"
86.23,"55"
86.23,"55"
31.51,"32"
31.51,"32"
240.73,"85"
72.19,"50"
72.19,"50"
110.3,"60"
110.3,"60"
110.3,"60"
192,"83"
192,"83"
192,"83"
192,"83"
85.64,"55"
85.64,"55"
140.56,"65"
140.56,"65"
154.66,"75"
154.66,"75"
85.64,"55"
140.56,"65"
154.66,"75"
20.94,"240"
79.3,"55"
80.8,"43"
38,"43"
130.03,"65"
94.65,"65"
40,"40"
39,"323"
73.5,"65"
123.8,"75"
43.6,"43"
112,"65"
112,"65"
112,"65"
91.4,"50"
54.48,"400"
20.94,"240"
86.9,"65"
86.9,"65"
86.9,"65"
86.9,"65"
86.9,"65"
181.25,"75"
202.84,"85"
202.84,"85"
104.78,"70"
73.72,"58"
181.25,"75"
181.25,"75"
202.84,"85"
169.97,"86"
28.86,"32"
85.2,"652"
197.4,"98"
237.4,"987"
51.888,"43"
107.4,"70"
107.4,"70"
83.91,"55"
113.136,"65"
98.826,"75"
42.804,"43"
54.39,"50"
62.358,"55"
75.576,"65"
102.546,"75"
119.346,"85"
15.1,"242"
15.1,"24"
15.1,"242"
49.1,"400"
145,"85"
145,"85"
145,"85"
70,"43"
70,"43"
70,"43"
116,"65"
116,"65"
116,"65"
139,"75"
139,"75"
139,"75"
80,"50"
80,"50"
80,"50"
81,"55"
81,"55"
81,"55"
99.7,"75"
25.92,"32"
25.92,"32"
25.92,"32"
25.92,"32"
25.92,"32"
25.92,"32"
25.92,"32"
25.92,"32"
25.92,"32"
25.92,"32"
25.92,"32"
40.7,"40"
40.7,"40"
40.7,"40"
31.8,"32"
31.8,"32"
31.8,"32"
126.52,"55"
68.9,"55"
68.9,"55"
68.9,"55"
68.9,"55"
68.9,"55"
66.4,"50"
66.4,"50"
66.4,"50"
66.4,"50"
66.4,"50"
119.01,"65"
306.7,"75"
36,"43"
40,"50"
49,"55"
56,"65"
165.8,"75"
154.08,"65"
53.38,"420"
97.68,"500"
24.687,"320"
80,"50"
81,"55"
29.22,"32"
234.49,"650"
234.49,"650"
107.4,"70"
160.5,"750"
70,"43"
126,"65"
85.2,"65"
143,"75"
54.48,"40"
54.48,"40"
54.48,"40"
42.76,"27"
42.76,"27"
42.76,"27"
186.3,"75"
186.3,"75"
153.11,"700"
116.74,"70"
28.86,"32"
28.86,"32"
28.86,"32"
32.247,"40"
195.5,"65"
195.5,"65"
195.5,"65"
195.5,"65"
195.5,"65"
195.5,"65"
57.06,"50"
54.48,"40"
31.626,"320"
69.65,"55"
95.92,"65"
46.5216,"400"
57.474,"437"
29.22,"323"
187.1,"75"
150.64,"65"
57.65,"43"
97.36,"55"
53.26,"43"
83.3,"50"
110.72,"50"
111.7,"55"
157,"75"
157,"75"
157,"75"
15.1,"24"
25.23,"24"
101.23,"50"
73.991,"55"
51.2,"40"
51.2,"40"
51.2,"40"
17.14,"24"
17.14,"24"
17.14,"24"
17.14,"24"
17.14,"24"
17.14,"24"
17.14,"24"
17.14,"24"
17.14,"24"
17.14,"24"
297.5,"98"
297.5,"98"
297.5,"98"
297.5,"98"
297.5,"98"
297.5,"98"
262,"65"
262,"65"
262,"65"
269,"75"
269,"75"
269,"75"
211,"85"
211,"85"
211,"85"
67,"43"
67,"43"
72,"50"
92,"55"
94,"55"
94,"55"
109,"65"
109,"65"
126,"75"
126,"75"
70,"42"
70,"42"
79,"48"
79,"48"
100,"55"
100,"55"
115,"55"
115,"55"
109,"65"
109,"65"
147,"65"
147,"65"
195,"77"
195,"77"
91.8,"500"
114,"55"
114,"55"
114,"55"
138,"65"
138,"65"
138,"65"
104.46,"50"
127.86,"55"
27,"32"
27,"32"
27,"32"
27,"32"
27,"32"
27,"32"
27,"32"
27,"32"
27,"32"
27,"32"
64.06,"40"
117.3,"55"
117.3,"55"
34.4,"320"
34.4,"320"
23.8,"32"
27.3,"240"
27.3,"240"
63,"43"
63,"43"
63,"43"
212,"518"
117.61,"75"
148,"55"
171.9,"65"
68,"50"
87,"55"
39.8,"42"
39.8,"42"
39.8,"42"
39.8,"42"
39.8,"42"
39.8,"42"
39.8,"42"
16.2,"24"
16.2,"24"
16.2,"24"
16.2,"24"
16.2,"24"
16.2,"24"
256,"98"
256,"98"
256,"98"
112,"55"
112,"55"
112,"55"
134,"65"
134,"65"
134,"65"
20.64,"22"
27,"32"
17.14,"24"
134,"65"
134,"65"
134,"65"
107.8,"77"
241.58,"100"
241.58,"100"
241.58,"100"
63.2,"43"
28.86,"32"
39.24,"43"
112,"75"
112,"75"
112,"75"
112,"75"
112,"75"
74,"55"
74,"55"
74,"55"
74,"55"
74,"55"
66,"50"
66,"50"
66,"50"
142,"85"
142,"85"
142,"85"
142,"85"
142,"85"
86,"65"
86,"65"
86,"65"
86,"65"
86,"65"
64,"43"
64,"43"
64,"43"
81,"50"
81,"50"
81,"50"
200.3,"75"
227.9,"85"
294,"85"
294,"85"
294,"85"
195,"85"
195,"85"
195,"85"
108,"55"
108,"55"
108,"55"
200,"85"
200,"85"
200,"85"
216,"77"
216,"77"
216,"77"
47.3,"50"
47.3,"50"
47.3,"50"
47.3,"50"
39.24,"43"
39.24,"43"
39.24,"43"
70,"43"
73,"43"
73,"43"
83,"50"
83,"50"
83,"50"
97,"55"
97,"55"
97,"55"
120,"65"
120,"65"
120,"65"
165,"75"
165,"75"
212,"86"
212,"86"
212,"86"
80,"50"
118,"65"
125,"65"
134,"75"
150,"75"
206,"86"
78,"48"
92,"55"
92,"55"
122,"65"
143,"77"
154,"77"
217,"83"
117.61,"752"
34.8,"32"
34.8,"32"
80,"50"
118,"65"
125,"65"
156,"86"
156,"86"
206,"86"
122,"65"
408.9,"85"
143,"77"
154,"77"
217,"83"
134,"75"
150,"75"
198,"75"
198,"75"
198,"75"
258,"85"
258,"85"
258,"85"
147,"65"
147,"65"
147,"65"
82,"50"
82,"50"
82,"50"
146,"65"
146,"65"
146,"65"
153,"65"
153,"65"
153,"65"
110,"55"
110,"55"
110,"55"
108,"55"
108,"55"
108,"55"
142,"65"
142,"65"
142,"65"
157,"75"
157,"75"
157,"75"
78,"55"
92,"43"
92,"43"
92,"43"
286,"75"
286,"75"
286,"75"
112,"55"
112,"55"
112,"55"
109,"55"
109,"55"
109,"55"
93,"50"
93,"50"
93,"50"
119,"55"
119,"55"
119,"55"
154,"65"
154,"65"
154,"65"
190,"75"
190,"75"
190,"75"
260,"65"
260,"65"
260,"65"
220,"85"
220,"85"
220,"85"
70,"43"
90,"50"
112,"55"
144,"65"
181,"75"
250,"86"
154,"86"
154,"86"
193,"83"
193,"83"
192,"85"
192,"85"
192,"85"
144,"75"
144,"75"
144,"75"
119,"55"
140,"65"
178,"75"
178,"75"
178,"75"
215,"85"
215,"85"
215,"85"
19.8,"886"
94,"65"
24.2,"240"
83.3,"50"
124,"75"
124,"75"
124,"75"
172,"85"
114,"65"
137,"75"
156.29,"75"
156.29,"75"
110.54,"65"
110.54,"65"
91.26,"55"
91.26,"55"
110.54,"65"
156.29,"75"
57.06,"50"
143,"85"
292.93,"85"
109,"55"
109,"55"
109,"55"
179.2,"75"
130,"65"
130,"65"
130,"65"
229.8,"85"
338,"85"
338,"85"
338,"85"
114,"65"
114,"65"
114,"65"
137,"75"
137,"75"
137,"75"
137,"75"
143,"85"
143,"85"
143,"85"
143,"85"
53.12,"42"
272.5,"85"
238.4,"75"
163,"75"
163,"75"
163,"75"
163,"75"
25.3,"24"
25.3,"24"
25.3,"24"
25.3,"24"
25.3,"24"
25.3,"236"
73,"50"
22.1,"24"
22.1,"24"
22.1,"24"
22.1,"24"
22.1,"24"
22.1,"236"
103.3,"550"
248.9,"85"
143.934,"650"
35.2,"32"
35.2,"32"
35.2,"32"
35.2,"32"
35.2,"32"
35.2,"32"
35.8,"320"
80,"48"
204.81,"750"
161.454,"700"
100,"55"
100,"55"
219,"97"
114,"65"
122,"65"
122,"65"
122,"65"
122,"65"
71,"43"
71,"43"
71,"43"
71,"43"
79,"55"
79,"55"
79,"55"
79,"55"
79,"55"
71,"50"
71,"50"
71,"50"
71,"50"
71,"50"
97,"55"
97,"55"
97,"55"
97,"55"
250.7,"85"
250.7,"85"
250.7,"85"
250.7,"85"
250.7,"85"
250.7,"85"
172.1,"75"
172.1,"75"
172.1,"75"
172.1,"75"
172.1,"75"
172.1,"75"
83,"50"
83,"50"
83,"50"
83,"50"
86.5,"58"
52.9,"43"
46.8,"400"
90.1,"650"
142.43,"70"
142.43,"70"
142.43,"70"
142.43,"70"
142.43,"70"
142.43,"70"
332,"98"
332,"98"
332,"98"
96.56,"500"
87.66,"43"
87.66,"43"
87.66,"43"
58.2,"43"
38.946,"40"
58.4,"50"
86.9,"55"
106.6,"65"
122,"75"
176.1,"65"
208.1,"75"
212.4,"85"
191.2,"98"
41.8,"43"
49.2,"50"
58.4,"55"
77.6,"65"
111.2,"75"
245.5,"98"
245.5,"98"
245.5,"98"
245.5,"98"
175,"77"
217,"83"
100,"55"
117.9,"65"
172,"65"
220,"77"
242,"83"
219,"97"
244,"97"
244,"97"
94.96,"550"
91.4,"50"
89.1,"55"
105.7,"65"
134.6,"75"
148.2,"85"
197.4,"98"
152.2,"77"
226,"98"
67,"43"
67,"43"
68,"50"
91,"55"
114,"65"
126,"75"
25.3,"240"
94.65,"650"
81.288,"60"
20.24,"240"
111.7,"55"
111.7,"55"
111.7,"55"
111.7,"55"
111.7,"55"
150.64,"65"
150.64,"65"
150.64,"65"
150.64,"65"
150.64,"65"
187.1,"75"
187.1,"75"
187.1,"75"
187.1,"75"
187.1,"75"
101.23,"50"
101.23,"50"
101.23,"50"
101.23,"50"
101.23,"50"
115.94,"650"
47.5,"50"
49.14,"43"
90.1,"65"
68,"43"
71,"50"
79,"55"
114,"65"
137,"75"
94.37,"50"
128.9,"70"
143,"85"
16.2,"24"
79,"43"
79,"43"
79,"43"
89,"55"
89,"55"
89,"55"
126,"65"
126,"65"
126,"65"
26.3,"32"
15.3,"27"
25.5,"32"
66.8,"50"
66.8,"50"
66.8,"50"
66.8,"50"
66.8,"50"
94.2,"65"
94.2,"65"
94.2,"65"
94.2,"65"
94.2,"65"
109.4,"75"
109.4,"75"
109.4,"75"
109.4,"75"
109.4,"75"
70.8,"55"
70.8,"55"
70.8,"55"
70.8,"55"
70.8,"55"
22.9,"32"
22.9,"32"
22.9,"32"
22.9,"32"
22.9,"32"
93,"50"
36.5,"40"
36.5,"40"
36.5,"40"
36.5,"40"
36.5,"40"
52.9,"43"
52.9,"43"
52.9,"43"
52.9,"43"
52.9,"43"
66.8,"50"
94.2,"65"
109.4,"75"
70.8,"55"
52.9,"43"
36.5,"40"
22.9,"32"
111.438,"65"
82.242,"55"
136.1,"65"
136.1,"65"
136.1,"65"
136.1,"65"
136.1,"65"
136.1,"65"
36.9,"32"
59.91,"43"
61.1,"50"
63.7,"55"
89.74,"65"
95.06,"75"
150.59,"85"
135.9,"70"
15.1,"16"
48.76,"40"
68,"43"
68,"43"
68,"43"
68,"43"
103,"65"
103,"65"
103,"65"
295.9,"100"
104.2,"65"
64.71,"065"
24.48,"40"
123.6,"70"
600,"115"
23.3,"32"
48.96,"420"
48.96,"420"
158,"750"
19.8,"240"
204.59,"85"
204.59,"85"
204.59,"85"
108.132,"650"
28.7,"24"
91,"500"
120,"650"
27.2,"32"
27.2,"32"
27.2,"32"
57.2,"500"
50.67,"430"
41,"400"
206,"55"
206,"55"
206,"55"
32.5,"320"
145.4,"75"
145.4,"75"
145.4,"75"
145.4,"75"
145.4,"75"
145.4,"75"
33.5,"32"
73,"42"
84,"48"
103,"55"
140,"65"
122,"55"
146,"65"
170,"77"
24,"32"
103,"55"
80.3,"48"
80.3,"48"
80.3,"48"
80.3,"48"
80.3,"48"
80.3,"48"
350,"100"
79.98,"55"
79.98,"55"
99.95,"65"
99.95,"65"
133.76,"75"
133.76,"75"
189.93,"85"
189.93,"85"
79.98,"55"
99.95,"65"
133.76,"75"
189.93,"85"
55.02,"43"
55.02,"43"
55.49,"50"
55.49,"50"
59.97,"55"
59.97,"55"
90.42,"65"
90.42,"65"
120.56,"75"
120.56,"75"
172.13,"85"
172.13,"85"
260,"65"
260,"65"
260,"65"
322,"75"
322,"75"
322,"75"
19.4,"19"
28.6,"320"
88.3,"55"
88.3,"55"
88.3,"55"
88.3,"55"
88.3,"55"
88.3,"55"
14.7,"16"
160.8,"85"
15.8718,"19"
55.02,"43"
55.49,"50"
90.42,"65"
172.13,"85"
106.46,"55"
157.4,"65"
169.46,"75"
236.68,"85"
264.81,"100"
109.038,"70"
59.97,"55"
257.2,"850"
73.6,"55"
73.6,"55"
73.6,"55"
73.6,"55"
85.767,"50"
197.27,"85"
115,"55"
115,"55"
115,"55"
115,"55"
115,"55"
115,"55"
35.2,"32"
35.2,"32"
35.2,"32"
35.2,"32"
99.42,"50"
99.42,"50"
99.42,"50"
99.42,"50"
99.42,"50"
99.42,"50"
147.44,"65"
147.44,"65"
147.44,"65"
147.44,"65"
147.44,"65"
147.44,"65"
180,"75"
180,"75"
180,"75"
180,"75"
180,"75"
180,"75"
54.39,"42"
54.39,"42"
54.39,"42"
54.39,"42"
112.7,"65"
112.7,"65"
112.7,"65"
112.7,"65"
112.7,"65"
112.7,"65"
35.2,"32"
54.39,"42"
60.9,"55"
299.4,"98"
220,"77"
165,"75"
133.54,"75"
114.354,"65"
82.11,"55"
60.564,"50"
36.91,"40"
29.55,"32"
92.8,"55"
92.8,"55"
92.8,"55"
92.8,"55"
92.8,"55"
92.8,"55"
180,"75"
48.76,"400"
22.8,"32"
29.07,"40"
22.8,"32"
29.07,"40"
29.07,"40"
252.1,"100"
177.17,"75"
262.49,"85"
137.97,"65"
33.5,"32"
81.288,"60"
24.687,"320"
72.6,"55"
93.25,"65"
71,"43"
71,"43"
71,"43"
83,"50"
83,"50"
83,"50"
109.77,"75"
97,"55"
97,"55"
97,"55"
122,"65"
122,"65"
122,"65"
163,"75"
195,"85"
140.89,"700"
280.55,"85"
280.55,"85"
280.55,"85"
280.55,"85"
280.55,"85"
73,"43"
70,"43"
83,"50"
83,"50"
97,"55"
97,"55"
120,"65"
120,"65"
165,"75"
165,"75"
212,"86"
212,"86"
163.1,"750"
162.1,"75"
142.1,"700"
47.23,"40"
31.92,"32"
64.6,"500"
110.12,"550"
110.12,"550"
379.07,"100"
379.07,"100"
379.07,"100"
379.07,"100"
379.07,"100"
379.07,"100"
379.07,"100"
144.5,"65"
144.5,"65"
144.5,"65"
144.5,"65"
144.5,"65"
138.82,"70"
138.82,"70"
138.82,"70"
138.82,"70"
138.82,"70"
88.8,"550"
88.8,"550"
120,"65"
191,"85"
103.99,"70"
103.99,"70"
103.99,"70"
24.17,"32"
33.62,"43"
151.8,"65"
151.8,"65"
151.8,"65"
19.4,"193"
19.4,"193"
19.4,"19"
36,"43"
40,"50"
49,"55"
56,"65"
143.6,"85"
115.4,"75"
103.5,"65"
90.7,"55"
40,"400"
354.9,"98"
354.9,"98"
354.9,"98"
354.9,"98"
354.9,"98"
354.9,"98"
76.8,"552"
38.6,"320"
159.6,"75"
159.6,"75"
159.6,"75"
94.37,"50"
128.9,"70"
19.64,"924"
19.64,"924"
24.6,"927"
24.6,"927"
19.64,"924"
24.6,"927"
27.14,"32"
159.6,"75"
226.38,"85"
226.38,"85"
226.38,"85"
226.38,"85"
37.86,"32"
37.86,"32"
37.86,"32"
37.86,"32"
35.6,"32"
27.036,"32"
51.78,"420"
298.5,"86"
298.5,"86"
298.5,"86"
298.5,"86"
298.5,"86"
44.2,"43"
102,"55"
147.21,"650"
147.21,"650"
44.2,"43"
44.2,"43"
69.65,"55"
69.65,"55"
69.65,"55"
28.3,"24"
37.1,"32"
38.6,"40"
182.3,"70"
92.2,"55"
23.98,"24"
23.98,"24"
23.98,"24"
23.98,"24"
23.98,"24"
31.84,"32"
31.84,"32"
31.84,"32"
31.84,"32"
31.84,"32"
93.1,"55"
112.086,"58"
38.2,"42"
114.6,"85"
24.9,"32"
122,"65"
16.9,"24"
105,"55"
94.14,"65"
94.14,"65"
94.14,"65"
94.14,"65"
94.14,"65"
94.14,"65"
96,"50"
154.03,"75"
154.03,"75"
120,"55"
88.8,"50"
117.3,"65"
168,"65"
332,"98"
108.294,"70"
105.43,"651"
149.6,"65"
15.3,"19"
16.33,"24"
16.33,"24"
16.33,"24"
16.33,"24"
16.33,"24"
153.11,"700"
27.036,"32"
27.14,"322"
44.2,"432"
68.12,"553"
92.076,"65"
108.294,"702"
31,"32"
33.5,"320"
35.3,"32"
43,"43"
91,"50"
91,"50"
91,"50"
116,"65"
116,"65"
116,"65"
102,"55"
102,"55"
102,"55"
56.9,"50"
131.1,"77"
131.1,"77"
131.1,"77"
131.1,"77"
446.3,"100"
446.3,"100"
446.3,"100"
446.3,"100"
69.4,"55"
92.9,"65"
212,"86"
212,"86"
101,"55"
101,"55"
96,"55"
96,"55"
124,"65"
124,"65"
163,"77"
163,"77"
189,"83"
189,"83"
17.766,"24"
65.9,"552"
97.7,"652"
154.23,"75"
20.96,"24"
91.6,"55"
102.9,"65"
76.8,"50"
68,"50"
68,"50"
76,"48"
76,"48"
88,"55"
88,"55"
106,"65"
106,"65"
51.3,"40"
41.6,"40"
55,"42"
35.8,"32"
65,"42"
65,"42"
153,"77"
153,"77"
82,"55"
82,"55"
105,"65"
105,"65"
73.4,"50"
188.5,"77"
118,"65"
118,"65"
98,"65"
98,"65"
165,"75"
165,"75"
106,"75"
106,"75"
106,"75"
132,"86"
82.5,"580"
141.1,"70"
132,"86"
74,"48"
70,"43"
70,"43"
64,"43"
64,"43"
83,"50"
83,"50"
92,"55"
92,"55"
82,"55"
82,"55"
91.5,"50"
99.2,"55"
49,"43"
17.766,"24"
79.3,"55"
111.6,"65"
140.4,"75"
35.3,"32"
115,"65"
115,"65"
135,"77"
135,"77"
92,"55"
98,"65"
132,"86"
68,"50"
138,"86"
138,"86"
162,"75"
115,"65"
231,"86"
24.84,"32"
38.4,"43"
61.38,"557"
61.38,"55"
61.38,"55"
61.38,"55"
105.96,"657"
105.96,"65"
105.96,"65"
105.96,"65"
105.96,"657"
61.38,"557"
106.68,"757"
106.68,"757"
106.68,"757"
147.1,"700"
81,"50"
106,"75"
189,"83"
189,"83"
106,"55"
87.6,"50"
190,"75"
175.2,"85"
86.5,"55"
115,"65"
140,"75"
175.2,"85"
50.5,"400"
34.296,"320"
111.8,"55"
150.7,"65"
204.81,"750"
204.81,"750"
140,"65"
140,"65"
153,"75"
153,"75"
187,"86"
187,"86"
49.6,"50"
49.6,"50"
94.96,"550"
94.96,"550"
87.96,"550"
96.612,"500"
96.612,"500"
248,"65"
248,"65"
248,"65"
148.6,"98"
70,"43"
70,"43"
70,"43"
111,"55"
111,"55"
111,"55"
79,"48"
109,"55"
109,"55"
109,"55"
47.9,"500"
216,"83"
138,"77"
45.69,"430"
92.9,"650"
94.65,"650"
134.33,"650"
40.4,"40"
47.9,"49"
31.2,"32"
43.6,"40"
70,"43"
83,"50"
92,"55"
140,"65"
140,"65"
69.8,"55"
60.2,"50"
154,"65"
154,"65"
154,"65"
104,"55"
25.23,"32"
203.5,"75"
109,"55"
109,"55"
109,"55"
87.99,"55"
105.58,"65"
129,"65"
145,"65"
174,"77"
110,"55"
110,"55"
110,"55"
58.81,"50"
71.5,"55"
92,"65"
45.012,"430"
70,"55"
175.9,"65"
287.2,"86"
195.4,"75"
182,"77"
70,"43"
178,"77"
216.9,"85"
178,"77"
214,"83"
214,"83"
67,"42"
62,"43"
62,"43"
62,"43"
107,"55"
107,"55"
107,"55"
141,"65"
141,"65"
141,"65"
137,"65"
137,"65"
137,"65"
152,"65"
152,"65"
152,"65"
134.4,"65"
156,"75"
156,"75"
156,"75"
271,"75"
271,"75"
271,"75"
151,"75"
151,"75"
151,"75"
216,"77"
216,"77"
216,"77"
186,"83"
199,"85"
199,"85"
199,"85"
286,"85"
286,"85"
286,"85"
211,"85"
211,"85"
211,"85"
242,"98"
242,"98"
242,"98"
75,"65"
50.5,"43"
228,"97"
228,"97"
253,"97"
253,"97"
69,"43"
69,"43"
69,"43"
69,"43"
154,"75"
154,"75"
154,"75"
154,"65"
154,"65"
154,"65"
248,"83"
196,"85"
196,"85"
196,"85"
196,"85"
181,"75"
181,"75"
181,"75"
181,"75"
122,"65"
122,"65"
122,"65"
122,"65"
79,"55"
79,"55"
79,"55"
79,"55"
75,"50"
75,"50"
75,"50"
75,"50"
68,"43"
68,"43"
68,"43"
68,"43"
356.4,"98"
107,"55"
107,"55"
107,"55"
100,"50"
100,"50"
100,"50"
204,"75"
204,"75"
204,"75"
248,"85"
248,"85"
248,"85"
260,"100"
260,"100"
111,"55"
111,"55"
111,"55"
16.33,"24"
140,"65"
140,"65"
140,"65"
166,"75"
166,"75"
166,"75"
211,"85"
211,"85"
211,"85"
92,"50"
92,"50"
92,"50"
153,"65"
189,"75"
189,"75"
189,"75"
220,"85"
220,"85"
220,"85"
77,"50"
77,"50"
77,"50"
15.38,"24"
15.87,"32"
84,"55"
84,"55"
84,"55"
84,"55"
84,"55"
84,"55"
84,"55"
117,"65"
117,"65"
117,"65"
117,"65"
117,"65"
117,"65"
259,"65"
259,"65"
259,"65"
330,"85"
330,"85"
330,"85"
143,"75"
143,"75"
143,"75"
143,"75"
143,"75"
143,"75"
187,"85"
187,"85"
187,"85"
187,"85"
187,"85"
187,"85"
187,"85"
282,"100"
282,"100"
282,"100"
65.43,"550"
91,"55"
81,"50"
155,"86"
66,"43"
137,"75"
115,"65"
68,"50"
106,"75"
104.8,"550"
104.8,"550"
104.8,"550"
104.8,"550"
104.8,"550"
104.8,"550"
104.8,"550"
104.8,"550"
104.8,"550"
110.08,"650"
110.08,"650"
110.08,"650"
110.08,"650"
110.08,"650"
110.08,"650"
110.08,"650"
110.08,"650"
110.08,"650"
110.08,"651"
175.6,"750"
175.6,"750"
175.6,"750"
175.6,"750"
175.6,"750"
175.6,"750"
175.6,"750"
175.6,"750"
175.6,"750"
175.6,"751"
199.69,"850"
199.69,"850"
199.69,"850"
199.69,"850"
199.69,"850"
199.69,"850"
199.69,"850"
199.69,"850"
199.69,"850"
199.69,"851"
320,"100"
320,"100"
320,"100"
320,"100"
320,"100"
320,"100"
320,"100"
320,"100"
320,"100"
320,"101"
39.8,"43"
285,"75"
285,"75"
285,"75"
112,"55"
112,"55"
112,"55"
131,"65"
131,"65"
131,"65"
178,"75"
178,"75"
178,"75"
220,"85"
220,"85"
220,"85"
117,"65"
143,"75"
104.8,"551"
104.8,"55"
110.08,"65"
175.6,"75"
199.69,"85"
320,"10"
186.5,"85"
107.4,"65"
128.9,"75"
165.6,"98"
151,"83"
151,"83"
104.7,"75"
50.5,"400"
50.5,"400"
69.5,"50"
65.43,"55"
118,"65"
20.83,"24"
20.83,"24"
20.83,"24"
20.83,"24"
159.1,"65"
159.1,"65"
159.1,"65"
159.1,"65"
159.1,"65"
159.1,"65"
159.1,"65"
190.2,"75"
190.2,"75"
190.2,"75"
190.2,"75"
190.2,"75"
190.2,"75"
190.2,"75"
28.17,"40"
28.17,"40"
22.07,"32"
22.07,"32"
22.07,"32"
51.09,"43"
51.09,"43"
59.02,"50"
59.02,"50"
62,"55"
62,"55"
98.86,"65"
98.86,"65"
117.04,"75"
117.04,"75"
117.04,"75"
177.89,"85"
177.89,"85"
115.94,"65"
115.94,"65"
145.91,"75"
145.91,"75"
186.38,"85"
186.38,"85"
222.34,"100"
222.34,"100"
225.8,"85"
225.8,"85"
225.8,"85"
225.8,"85"
225.8,"85"
225.8,"85"
225.8,"85"
20.83,"24"
28.17,"40"
47.04,"405"
47.04,"405"
47.04,"43"
47.04,"405"
112.38,"557"
112.38,"557"
112.38,"55"
112.38,"55"
112.38,"557"
156.42,"657"
156.42,"657"
156.42,"65"
156.42,"657"
107.58,"657"
107.58,"657"
107.58,"65"
107.58,"657"
32.4,"320"
86.09,"60"
33.1,"400"
136.1,"55"
68,"43"
68,"43"
68,"43"
68,"43"
68,"43"
79,"50"
79,"50"
79,"50"
79,"50"
79,"50"
164,"98"
92,"55"
92,"55"
118,"65"
118,"65"
75.21,"55"
105.39,"65"
121.59,"75"
171.81,"85"
113,"55"
113,"55"
113,"55"
122.5,"65"
136,"65"
97,"55"
271,"65"
340,"75"
130.5,"75"
136,"75"
136,"75"
136,"75"
136,"75"
136,"75"
136,"75"
113,"65"
113,"65"
113,"65"
113,"65"
113,"65"
113,"65"
79,"55"
79,"55"
79,"55"
79,"55"
79,"55"
79,"55"
68,"43"
68,"43"
68,"43"
68,"43"
68,"43"
68,"43"
71,"50"
71,"50"
71,"50"
71,"50"
71,"50"
71,"50"
142,"85"
142,"85"
142,"85"
142,"85"
142,"85"
142,"85"
42.7,"43"
50,"50"
64.3,"55"
77.1,"65"
97.2,"75"
92.78,"55"
92.78,"55"
92.78,"55"
115.94,"65"
67.9,"55"
186.38,"85"
222.34,"100"
145.91,"75"
358,"98"
358,"98"
358,"98"
60.48,"50"
60.48,"50"
60.48,"50"
60.48,"50"
51.09,"43"
59.02,"50"
62,"55"
98.86,"65"
177.89,"85"
239.2,"85"
280,"115"
36.26,"402"
25.4,"32"
30.3,"40"
64.3,"55"
30,"32"
104.99,"65"
104.99,"65"
122.25,"75"
122.25,"75"
175.06,"85"
175.06,"85"
238.44,"100"
238.44,"100"
104.99,"65"
122.25,"75"
175.06,"85"
238.44,"100"
216.3,"85"
216.3,"85"
216.3,"85"
216.3,"85"
47.9,"500"
35.97,"320"
35.97,"320"
21.55,"240"
129.15,"65"
129.15,"65"
169.46,"75"
191.41,"85"
129.15,"65"
169.46,"75"
169.46,"75"
191.41,"85"
191.41,"85"
165,"75"
165,"75"
136.1,"75"
97.1,"650"
23.82,"240"
128.56,"65"
137.3,"75"
167.13,"85"
23.89,"24"
130.8,"75"
130.8,"75"
130.8,"75"
130.8,"75"
135.9,"75"
135.9,"75"
135.9,"75"
135.9,"75"
32.9,"40"
109.1,"65"
109.1,"65"
109.1,"65"
109.1,"65"
109.1,"65"
57.9,"55"
57.9,"552"
57.9,"55"
135.9,"75"
32.3,"40"
30,"32"
93.2,"55"
93.2,"55"
93.2,"55"
93.2,"55"
93.2,"55"
15.38,"24"
15.87,"32"
35.2,"40"
24.2,"32"
136.6,"65"
94.1,"65"
36.5,"40"
78.3,"55"
100.68,"65"
102.6,"75"
125.64,"85"
108.294,"70"
35.2,"400"
63.29,"55"
81.08,"65"
87.19,"75"
155.84,"85"
108.4,"55"
108.4,"55"
108.4,"55"
108.4,"55"
108.4,"55"
27.1,"32"
27.1,"32"
27.1,"32"
27.1,"32"
27.1,"32"
27.1,
313.1,"98"
96.66,"55"
96.66,"55"
96.66,"55"
96.66,"55"
105.84,"65"
105.84,"65"
105.84,"65"
105.84,"65"
25.4,"32"
30.3,"40"
21.68,"32"
35.67,"43"
68,"43"
71,"50"
79,"55"
54.9,"43"
64.6,"55"
181.9,"85"
56.59,"50"
79.95,"55"
71.19,"50"
71.19,"50"
100.24,"55"
100.24,"55"
110.31,"65"
110.31,"65"
133.21,"75"
133.21,"75"
154.51,"85"
154.51,"85"
248.33,"100"
248.33,"100"
123.02,"75"
123.02,"75"
71.19,"50"
123.02,"75"
113,"65"
136,"75"
142,"85"
100.24,"55"
110.31,"65"
133.21,"75"
154.51,"85"
248.33,"100"
83.4,"55"
95.8,"65"
101.9,"77"
136.8,"77"
147.3,"75"
121.6,"65"
66,"43"
73,"50"
81,"55"
103,"65"
140,"75"
164,"85"
53.7,"43"
79.95,"55"
79.95,"55"
104.68002,"65"
104.68002,"65"
134.5602,"75"
134.5602,"75"
104.68002,"65"
134.5602,"75"
66.2,"50"
74.4,"55"
136.6,"75"
46,"43"
53,"50"
54,"55"
67,"65"
163.7,"85"
111.6,"65"
36.9,"40"
63.12,"43"
63.12,"43"
63.12,"43"
157.32,"65"
157.32,"65"
157.32,"65"
157.32,"65"
71.1,"55"
36.6,"43"
118.6,"65"
63.12,"43"
22.3,"24"
428,"115"
428,"115"
428,"115"
22,"24"
49.21,"42"
35.2,"32"
50.04,"43"
36,"32"
36,"32"
36,"32"
36,"32"
36,"32"
62,"48"
62,"48"
32.4,"32"
201,"65"
143.5,"55"
54.86,"50"
22.3,"24"
22.3,"24"
22.3,"24"
22,"24"
22,"24"
22,"24"
22,"24"
35.2,"32"
35.2,"32"
35.2,"32"
35.2,"32"
23.55,"24"
32.4,"32"
110.95,"55"
110.95,"55"
110.95,"55"
110.95,"55"
110.95,"55"
162.79,"65"
162.79,"65"
162.79,"65"
162.79,"65"
162.79,"65"
54.9,"502"
54.9,"502"
63.9,"552"
122.8,"752"
107.6,"652"
96.9,"652"
55.3,"50"
50,"43"
50.56,"43"
259.29,"100"
259.29,"100"
268.08,"100"
268.08,"100"
259.29,"100"
268.08,"100"
303.84,"116"
303.84,"116"
303.84,"116"
126,"65"
122.94,"75"
68.2,"60"
72.7,"50"
72.7,"50"
72.7,"50"
80,"55"
58,"43"
66,"50"
40.4,"40"
40.4,"40"
40.4,"40"
40.4,"40"
40.4,"40"
40.4,"40"
68,"55"
95,"65"
118,"75"
70,"55"
55.9,"43"
55.9,"43"
55.9,"43"
73.9,"55"
73.9,"55"
73.9,"55"
111.9,"65"
111.9,"65"
111.9,"65"
160.3,"75"
160.3,"75"
160.3,"75"
23.55,"24"
102.2,"50"
102.2,"50"
102.2,"50"
102.2,"50"
102.2,"50"
102.2,"50"
45.012,"430"
108.29,"70"
108.29,"70"
108.29,"70"
108.29,"70"
129.3,"55"
129.3,"55"
129.3,"55"
129.3,"55"
129.3,"55"
129.3,"55"
180.8,"65"
180.8,"65"
180.8,"65"
180.8,"65"
180.8,"65"
180.8,"65"
171,"75"
171,"75"
171,"75"
171,"75"
171,"75"
171,"75"
27.7,"32"
27.7,"32"
27.7,"32"
27.7,"32"
27.7,"32"
27.7,"32"
106,"65"
65,"43"
68,"50"
95,"55"
15.3,"185"
69.3,"60"
38.4,"43"
108.29,"70"
108.29,"70"
108.29,"70"
70,"43"
83,"50"
92,"55"
118,"65"
62,"43"
128.89,"75"
54,"50"
55,"55"
69,"65"
133.926,"550"
157.044,"650"
66.3,"43"
66.3,"43"
66.3,"43"
66.3,"43"
66.3,"43"
66.3,"43"
25.26,"32"
23,"24"
23,"24"
23,"24"
23,"24"
70,"55"
108.294,"70"
61.9,"602"
40.25,"402"
33.5,"32"
24.3,"32"
80.1,"50"
80.1,"50"
80.1,"50"
80.1,"50"
80.1,"50"
80.1,"50"
32.9,"40"
55.3,"50"
67.9,"55"
68.2,"60"
139.61,"70"
139.61,"70"
139.61,"70"
139.61,"70"
139.61,"70"
21.64,"520"
21.64,"522"
94.374,"65"
35.04,"520"
35.04,"522"
137.2,"752"
14.89,"520"
21.71,"522"
25.17,"522"
25.17,"523"
24.52,"522"
31,"32"
31,"32"
31,"32"
147,"75"
108.02,"70"
43.5,"400"
43.2,"40"
65.9,"43"
81,"50"
91,"55"
115,"65"
136.9,"75"
155,"86"
137,"75"
155,"86"
122.64,"65"
88.74,"55"
193.1,"75"
193.1,"75"
193.1,"75"
193.1,"75"
193.1,"75"
193.1,"75"
19.2,"24"
19.2,"24"
19.2,"24"
19.2,"24"
19.2,"24"
70,"55"
85,"65"
61,"48"
61,"48"
76.5,"55"
76.5,"55"
76.5,"55"
98,"65"
98,"65"
98,"65"
52,"42"
58,"48"
293,"98"
293,"98"
293,"98"
34.7,"40"
38.12,"320"
61,
58.7,"55"
131.3,"55"
131.3,"55"
131.3,"55"
131.3,"55"
131.3,"55"
131.3,"55"
120.1,"65"
120.1,"65"
120.1,"65"
120.1,"65"
120.1,"65"
120.1,"65"
143.6,"85"
83.6,"65"
19.2,"24"
155,"86"
137,"75"
82,"55"
82,"55"
94.374,"65"
110.35,"70"
101.358,"65"
130.692,"75"
21,"24"
46.1,"40"
70.7,"50"
208.5,"65"
248.3,"75"
321.3,"85"
75.48,"557"
75.48,"55"
75.48,"557"
75.48,"557"
94.374,"65"
128.89,"75"
107.6,"65"
66.42,"65"
91,"55"
115,"65"
89.1,"55"
66,"43"
464,"115"
81,"50"
211.836,"750"
102,"60"
102,"60"
102,"60"
102,"60"
102,"60"
102,"60"
45.3,"400"
78,"55"
78,"55"
78,"55"
110,"65"
110,"65"
110,"65"
146,"85"
146,"85"
146,"85"
134,"75"
134,"75"
134,"75"
38.16,"430"
31.68,"32"
31.68,"32"
31.68,"32"
32.46,"40"
32.46,"40"
32.46,"40"
17.48,"24"
18.47,"19"
67.76,"50"
52.6,"49"
100.8,"65"
34.76,"32"
35.63,"40"
112.33,"70"
108.29,"70"
31.784,"320"
94.65,"650"
94.65,"650"
94.65,"650"
82.2,"550"
15.38,"24"
100.3,"75"
56.59,"50"
195.75,"750"
33.4,"32"
58.95,"500"
90.11,"55"
92.39,"650"
28,"320"
28,"320"
28,"320"
60.78,"550"
60.78,"550"
60.78,"550"
60.78,"557"
60.78,"557"
34.296,"320"
34.296,"320"
34.296,"320"
34.296,"320"
34.296,"320"
60.78,"557"
114.75,"55"
114.75,"65"
114.75,"75"
114.75,"55"
114.75,"65"
114.75,"75"
158.28,"65"
158.28,"65"
158.28,"65"
158.28,"65"
127.74,"55"
127.74,"55"
127.74,"55"
127.74,"55"
34.8,"32"
26.3,"240"
26.3,"24"
26.3,"240"
252.5,"75"
252.5,"75"
252.5,"75"
252.5,"75"
482.4,"86"
482.4,"86"
482.4,"86"
482.4,"86"
482.4,
240.9,"65"
340.8,"75"
254.9,"100"
254.9,"100"
254.9,"100"
254.9,"100"
254.9,"100"
82,"55"
82,"55"
100,"65"
100,"65"
105,"75"
105,"75"
148,"86"
148,"86"
61.2,"55"
67.5,"55"
47.5,"50"
52.1,"50"
76.6,"65"
51.6,"500"
51.6,"500"
51.6,"500"
24.7,"32"
32.5,"43"
41.5,"43"
152.8,"75"
106,"65"
106,"65"
20,"24"
62,"43"
62,"43"
80,"55"
80,"55"
105,"65"
105,"65"
63,"43"
140,"65"
51.6354,"43"
51.03,"43"
51.03,"43"
51.03,"43"
51.03,"43"
51.03,"43"
51.03,"43"
51.03,"43"
51.03,"43"
51.03,"43"
51.03,"43"
212,"85"
212,"85"
109,"65"
109,"65"
51.6354,"43"
51.6354,"43"
51.6354,"43"
51.6354,"43"
51.6354,"43"
51.6354,"43"
51.6354,"43"
51.6354,"43"
51.6354,"43"
51.6354,"43"
65.5236,"55"
71.3472,"55"
71.3472,"55"
71.3472,"55"
71.3472,"55"
71.3472,"55"
71.3472,"55"
71.3472,"55"
71.3472,"55"
71.3472,"55"
67.434,"55"
67.434,"55"
67.434,"55"
67.434,"55"
67.434,"55"
67.434,"55"
67.434,"55"
67.434,"55"
67.434,"55"
67.434,"55"
67.434,"55"
93.012,"65"
90.0792,"65"
90.0792,"65"
90.0792,"65"
90.0792,"65"
90.0792,"65"
90.0792,"65"
90.0792,"65"
90.0792,"65"
90.0792,"65"
90.1488,"65"
90.1488,"65"
90.1488,"65"
90.1488,"65"
90.1488,"65"
90.1488,"65"
90.1488,"65"
90.1488,"65"
90.1488,"65"
90.1488,"65"
90.1488,"65"
103.59,"75"
124.536,"75"
124.536,"75"
124.536,"75"
124.536,"75"
124.536,"75"
124.536,"75"
124.536,"75"
124.536,"75"
124.536,"75"
124.536,"75"
119.9244,"75"
119.9244,"75"
119.9244,"75"
119.9244,"75"
119.9244,"75"
119.9244,"75"
119.9244,"75"
119.9244,"75"
119.9244,"75"
119.9244,"75"
119.9244,"75"
24.82,"32"
24.82,"32"
24.82,"32"
51.6,"507"
51.6,"507"
51.6,"507"
149.6,"700"
136.3,"70"
102,"60"
55.52,"50"
55.52,"500"
55.52,"500"
55.52,"500"
55.52,"500"
80,"50"
82,"55"
88,"55"
10,"24"
78,"48"
60,"48"
90,"55"
96,"55"
92,"55"
112,"65"
138,"77"
27.25,"24"
126,"77"
179.1,"75"
179.1,"75"
179.1,"75"
179.1,"75"
179.1,"75"
179.1,"75"
255.138,"85"
255.138,"85"
255.138,"85"
255.138,"85"
214.632,"75"
214.632,"75"
214.632,"75"
214.632,"75"
197.274,"65"
197.274,"65"
197.274,"65"
197.274,"65"
147.3,"65"
147.3,"65"
147.3,"65"
147.3,"65"
147.3,"65"
147.3,"65"
223.7,"75"
223.7,"75"
223.7,"75"
223.7,"75"
223.7,"75"
223.7,"75"
219.1,"100"
219.1,"100"
219.1,"100"
219.1,"100"
219.1,"100"
219.1,"100"
58.3,"430"
58.3,"430"
58.3,"430"
58.3,"430"
55.52,"50"
60.48,"50"
60.48,"50"
60.48,"50"
60.48,"50"
58.7,"55"
58.7,"55"
58.7,"55"
58.7,"55"
97.4,"55"
97.4,"55"
97.4,"55"
97.4,"55"
97.4,"55"
97.4,"55"
35.1,"320"
35.1,"320"
35.1,"320"
35.1,"320"
76.1,"55"
76.1,"55"
76.1,"55"
76.1,"55"
76.1,"55"
